timestamp_ms,vehicle_id,vehicle_label,trip_id,route_id,latitude,longitude,bearing,speed,current_status,congestion_level,occupancy_status
1755104371000,3BEA62A24818FA46E063DC4D1FACC2EE,6547,115363139,40,39.73966598510742,-104.9408187866211,179.0,,IN_TRANSIT_TO,,EMPTY
1755104371000,3BEA62A2481AFA46E063DC4D1FACC2EE,6548,115367149,92,39.863468170166016,-105.052001953125,89.0,,IN_TRANSIT_TO,,EMPTY
1755104371000,3BEA62A2481BFA46E063DC4D1FACC2EE,6549,115363057,40,39.76131820678711,-104.94046783447266,0.0,,IN_TRANSIT_TO,,EMPTY
1755104371000,3BEA62A2481CFA46E063DC4D1FACC2EE,6551,115365233,520,39.97228240966797,-104.76544952392578,90.0,,IN_TRANSIT_TO,,EMPTY
1755104371000,3BEA62A24824FA46E063DC4D1FACC2EE,6559,115364970,51,39.857181549072266,-105.0539321899414,141.0,,STOPPED_AT,,EMPTY
1755104371000,3BEA62A24826FA46E063DC4D1FACC2EE,6561,115365638,65,39.758182525634766,-104.91284942626953,177.0,,IN_TRANSIT_TO,,EMPTY
1755104371000,3BEA62A24827FA46E063DC4D1FACC2EE,6562,115373830,19,39.88515090942383,-105.01191711425781,82.0,,IN_TRANSIT_TO,,MANY_SEATS_AVAILABLE
1755104371000,3BEA62A2482AFA46E063DC4D1FACC2EE,6565,115365479,6,39.72588348388672,-104.84733581542969,181.0,,IN_TRANSIT_TO,,MANY_SEATS_AVAILABLE
1755104371000,3BEA62A2482BFA46E063DC4D1FACC2EE,6566,115363118,40,39.649017333984375,-104.91511535644531,273.0,,STOPPED_AT,,EMPTY
1755104371000,3BEA62A2482CFA46E063DC4D1FACC2EE,6567,115365868,7,39.87023162841797,-104.9815673828125,0.0,,IN_TRANSIT_TO,,EMPTY
1755104371000,3BEA62A2482EFA46E063DC4D1FACC2EE,6569,115355233,112,39.91421890258789,-105.0780029296875,254.0,,IN_TRANSIT_TO,,EMPTY
1755104371000,3BEA62A2482FFA46E063DC4D1FACC2EE,6570,115365002,51,39.801998138427734,-105.0528793334961,181.0,,IN_TRANSIT_TO,,EMPTY
1755104371000,3BEA62A24833FA46E063DC4D1FACC2EE,6574,115373814,19,39.7692985534668,-105.0019302368164,92.0,,IN_TRANSIT_TO,,MANY_SEATS_AVAILABLE
1755104371000,3BEA62A24835FA46E063DC4D1FACC2EE,6576,115366466,8,39.83263397216797,-104.98738098144531,181.0,,IN_TRANSIT_TO,,MANY_SEATS_AVAILABLE
1755104371000,3BEA62A24839FA46E063DC4D1FACC2EE,6580,115365165,52,39.711181640625,-104.99583435058594,270.0,,IN_TRANSIT_TO,,EMPTY
1755104371000,3BEA62A2483BFA46E063DC4D1FACC2EE,6582,115366360,76,39.75141525268555,-105.08158111572266,186.0,,IN_TRANSIT_TO,,MANY_SEATS_AVAILABLE
1755104371000,3BEA62A2483CFA46E063DC4D1FACC2EE,6583,115366361,76,39.79890060424805,-105.07959747314453,76.0,,STOPPED_AT,,EMPTY
1755104371000,3BEA62A2483EFA46E063DC4D1FACC2EE,6585,115455738,31,39.692649841308594,-105.02496337890625,359.0,,IN_TRANSIT_TO,,MANY_SEATS_AVAILABLE
1755104371000,3BEA62A2483FFA46E063DC4D1FACC2EE,6586,115360610,21,39.682167053222656,-105.08695220947266,91.0,,IN_TRANSIT_TO,,EMPTY
1755104371000,3BEA62A24840FA46E063DC4D1FACC2EE,6587,115362404,35,39.62428283691406,-105.09098052978516,3.0,,IN_TRANSIT_TO,,EMPTY
1755104371000,3BEA62A24842FA46E063DC4D1FACC2EE,6589,115367278,99,39.6108512878418,-105.08300018310547,343.0,,STOPPED_AT,,EMPTY
1755104371000,3BEA62A24846FA46E063DC4D1FACC2EE,6593,115374576,DASH,39.986698150634766,-105.17874908447266,90.0,,IN_TRANSIT_TO,,EMPTY
1755104371000,3BEA62A24847FA46E063DC4D1FACC2EE,6594,115368722,BOND,40.033565521240234,-105.25846862792969,0.0,,IN_TRANSIT_TO,,CRUSHED_STANDING_ROOM_ONLY
1755104371000,3BEA62A2484DFA46E063DC4D1FACC2EE,6600,115369688,LD3,39.98849868774414,-105.08988189697266,209.0,,IN_TRANSIT_TO,,EMPTY
1755104371000,3BEA62A2484FFA46E063DC4D1FACC2EE,6602,115360198,204,40.0366325378418,-105.27275085449219,180.0,,IN_TRANSIT_TO,,EMPTY
1755104371000,3BEA62A24851FA46E063DC4D1FACC2EE,6604,115374627,DASH,39.98698425292969,-105.1272964477539,271.0,,IN_TRANSIT_TO,,EMPTY
1755104371000,3BEA62A24856FA46E063DC4D1FACC2EE,6609,115360437,208,40.032798767089844,-105.2567367553711,89.0,,IN_TRANSIT_TO,,EMPTY
1755104371000,3BEA62A2485DFA46E063DC4D1FACC2EE,6616,115368716,BOND,40.000267028808594,-105.25728607177734,279.0,,IN_TRANSIT_TO,,EMPTY
1755104371000,3BEA62A24860FA46E063DC4D1FACC2EE,6619,115374013,225,40.00343322753906,-105.21268463134766,178.0,,IN_TRANSIT_TO,,MANY_SEATS_AVAILABLE
1755104371000,3BEA62A24862FA46E063DC4D1FACC2EE,6621,115373997,225,40.00006866455078,-105.22506713867188,92.0,,IN_TRANSIT_TO,,MANY_SEATS_AVAILABLE
1755104371000,3BEA62A24864FA46E063DC4D1FACC2EE,6623,115360156,204,40.04796600341797,-105.28053283691406,270.0,,IN_TRANSIT_TO,,EMPTY
1755104371000,3BEA62A2486AFA46E063DC4D1FACC2EE,6632,115368705,BOND,39.99996566772461,-105.25341796875,90.0,,STOPPED_AT,,EMPTY
1755104371000,3BEA62A2486CFA46E063DC4D1FACC2EE,6629,115369689,LD3,40.17186737060547,-105.10848236083984,0.0,,IN_TRANSIT_TO,,EMPTY
1755104371000,3BEA62A24870FA46E063DC4D1FACC2EE,6635,115360340,205,40.05103302001953,-105.21683502197266,270.0,,IN_TRANSIT_TO,,EMPTY
1755104371000,3BEA62A24872FA46E063DC4D1FACC2EE,6637,115374820,JUMP,40.01715087890625,-105.27691650390625,0.0,,STOPPED_AT,,EMPTY
1755104371000,3BEA62A24873FA46E063DC4D1FACC2EE,6638,115360314,205,40.051082611083984,-105.23490142822266,89.0,,IN_TRANSIT_TO,,EMPTY
1755104371000,3BEA62A24874FA46E063DC4D1FACC2EE,6639,115361447,3,39.75993347167969,-104.82785034179688,182.0,,IN_TRANSIT_TO,,EMPTY
1755104371000,3BEA62A24875FA46E063DC4D1FACC2EE,6640,115364788,49,39.805049896240234,-104.9311294555664,12.0,,IN_TRANSIT_TO,,MANY_SEATS_AVAILABLE
1755104371000,3BEA62A24876FA46E063DC4D1FACC2EE,6641,115351116,100,39.722068786621094,-105.13238525390625,178.0,,IN_TRANSIT_TO,,EMPTY
1755104371000,3BEA62A24878FA46E063DC4D1FACC2EE,6643,115366888,88,39.770015716552734,-104.89131927490234,0.0,,STOPPED_AT,,EMPTY
1755104371000,3BEA62A24879FA46E063DC4D1FACC2EE,6644,115361408,3,39.711082458496094,-104.98066711425781,90.0,,IN_TRANSIT_TO,,EMPTY
1755104371000,3BEA62A2487CFA46E063DC4D1FACC2EE,6647,115365152,52,39.80176544189453,-105.07648468017578,0.0,,IN_TRANSIT_TO,,EMPTY
1755104371000,3BEA62A2487DFA46E063DC4D1FACC2EE,6648,115361410,3,39.71965026855469,-105.12861633300781,76.0,,IN_TRANSIT_TO,,EMPTY
1755104371000,3BEA62A24880FA46E063DC4D1FACC2EE,6651,115365164,52,39.72800064086914,-104.99021911621094,3.0,,IN_TRANSIT_TO,,MANY_SEATS_AVAILABLE
1755104371000,3BEA62A24881FA46E063DC4D1FACC2EE,6652,115366333,76,39.6210823059082,-105.09104919433594,0.0,,IN_TRANSIT_TO,,EMPTY
1755104371000,3BEA62A24882FA46E063DC4D1FACC2EE,6653,115366860,88,39.797733306884766,-104.90338134765625,0.0,,IN_TRANSIT_TO,,EMPTY
1755104371000,3BEA62A24883FA46E063DC4D1FACC2EE,6654,115362708,38,39.748600006103516,-104.98961639404297,41.0,,IN_TRANSIT_TO,,MANY_SEATS_AVAILABLE
1755104371000,3BEA62A24885FA46E063DC4D1FACC2EE,6656,115362751,38,39.748165130615234,-104.98847961425781,237.0,,IN_TRANSIT_TO,,EMPTY
1755104371000,3BEA62A24886FA46E063DC4D1FACC2EE,6657,115361015,24,39.65678405761719,-104.95954895019531,180.0,,IN_TRANSIT_TO,,EMPTY
1755104371000,3BEA62A24887FA46E063DC4D1FACC2EE,6658,115366967,88L,39.85938262939453,-104.95265197753906,176.0,,IN_TRANSIT_TO,,EMPTY
1755104371000,3BEA62A24888FA46E063DC4D1FACC2EE,6659,115365162,52,39.81086730957031,-105.13956451416016,346.0,,IN_TRANSIT_TO,,EMPTY
1755104371000,3BEA62A2488BFA46E063DC4D1FACC2EE,6662,115357748,14,39.696781158447266,-105.0072021484375,270.0,,IN_TRANSIT_TO,,MANY_SEATS_AVAILABLE
1755104371000,3BEA62A2488DFA46E063DC4D1FACC2EE,6664,115361409,3,39.711181640625,-105.03984832763672,0.0,,IN_TRANSIT_TO,,EMPTY
1755104371000,3BEA62A2488EFA46E063DC4D1FACC2EE,6665,115361005,24,39.66008377075195,-104.95938110351562,0.0,,IN_TRANSIT_TO,,EMPTY
1755104371000,3BEA62A24890FA46E063DC4D1FACC2EE,6667,115357708,14,39.691200256347656,-105.02496337890625,0.0,,IN_TRANSIT_TO,,EMPTY
1755104371000,3BEA62A24892FA46E063DC4D1FACC2EE,6669,115365001,51,39.6515998840332,-104.995849609375,359.0,,IN_TRANSIT_TO,,MANY_SEATS_AVAILABLE
1755104371000,3BEA62A24897FA46E063DC4D1FACC2EE,6674,115363049,40,39.686466217041016,-104.9405517578125,354.0,,IN_TRANSIT_TO,,EMPTY
1755104371000,3BEA62A24898FA46E063DC4D1FACC2EE,6675,115356876,121,39.66816711425781,-104.84712982177734,0.0,,IN_TRANSIT_TO,,MANY_SEATS_AVAILABLE
1755104371000,3BEA62A2489BFA46E063DC4D1FACC2EE,6678,115365436,6,39.72533416748047,-104.91204833984375,90.0,,IN_TRANSIT_TO,,EMPTY
1755104371000,3BEA62A2489FFA46E063DC4D1FACC2EE,6682,115364978,51,39.81135177612305,-104.98881530761719,69.0,,IN_TRANSIT_TO,,EMPTY
1755104371000,3BEA62A248A1FA46E063DC4D1FACC2EE,6684,115356489,120L,39.984466552734375,-104.82308197021484,0.0,,STOPPED_AT,,EMPTY
1755104371000,3BEA62A248A3FA46E063DC4D1FACC2EE,6686,115356407,120,39.913917541503906,-104.98918151855469,87.0,,IN_TRANSIT_TO,,EMPTY
1755104371000,3BEA62A248A5FA46E063DC4D1FACC2EE,6688,115363138,40,39.70695114135742,-104.94093322753906,180.0,,IN_TRANSIT_TO,,MANY_SEATS_AVAILABLE
1755104371000,3BEA62A248A6FA46E063DC4D1FACC2EE,6689,115365907,7,39.821800231933594,-104.97810363769531,180.0,,IN_TRANSIT_TO,,EMPTY
1755104371000,3BEA62A248A9FA46E063DC4D1FACC2EE,6692,115365437,6,39.7495002746582,-104.99870300292969,48.0,,IN_TRANSIT_TO,,EMPTY
1755104371000,3BEA62A248ACFA46E063DC4D1FACC2EE,6695,115373857,19,39.73948287963867,-104.98729705810547,177.0,,IN_TRANSIT_TO,,EMPTY
1755104371000,3BEA62A248ADFA46E063DC4D1FACC2EE,6696,115356861,121,39.77280044555664,-104.80439758300781,96.0,,STOPPED_AT,,EMPTY
1755104371000,3BEA62A248B1FA46E063DC4D1FACC2EE,9303,115366691,83D,39.72468185424805,-104.98501586914062,142.0,,IN_TRANSIT_TO,,EMPTY
1755104371000,3BEA62A248B6FA46E063DC4D1FACC2EE,9308,115366633,83L,39.705284118652344,-104.91756439208984,124.0,,IN_TRANSIT_TO,,MANY_SEATS_AVAILABLE
1755104371000,3BEA62A248B8FA46E063DC4D1FACC2EE,9310,115358839,15L,39.73998260498047,-104.9822998046875,90.0,,IN_TRANSIT_TO,,MANY_SEATS_AVAILABLE
1755104371000,3BEA62A248BBFA46E063DC4D1FACC2EE,9313,115358793,15L,39.724998474121094,-104.819580078125,170.0,,IN_TRANSIT_TO,,MANY_SEATS_AVAILABLE
1755104371000,3BEA62A248BCFA46E063DC4D1FACC2EE,9317,115358800,15L,39.73566818237305,-105.02223205566406,274.0,,IN_TRANSIT_TO,,EMPTY
1755104371000,3BEA62A248BDFA46E063DC4D1FACC2EE,9318,115358879,15L,39.740116119384766,-104.82319641113281,90.0,,IN_TRANSIT_TO,,EMPTY
1755104371000,3BEA62A248BFFA46E063DC4D1FACC2EE,9315,115358963,15L,39.74024963378906,-104.92144775390625,270.0,,IN_TRANSIT_TO,,MANY_SEATS_AVAILABLE
1755104371000,3BEA62A248C1FA46E063DC4D1FACC2EE,9319,115366634,83L,39.74079895019531,-104.98661804199219,246.0,,STOPPED_AT,,EMPTY
1755104371000,3BEA62A248C5FA46E063DC4D1FACC2EE,9323,115358856,15L,39.739933013916016,-104.96393585205078,92.0,,IN_TRANSIT_TO,,MANY_SEATS_AVAILABLE
1755104371000,3BEA62A248C9FA46E063DC4D1FACC2EE,9327,115350384,0,39.65520095825195,-104.9996337890625,334.0,,IN_TRANSIT_TO,,EMPTY
1755104371000,3BEA62A248CAFA46E063DC4D1FACC2EE,9328,115358925,15L,39.74001693725586,-104.97508239746094,271.0,,IN_TRANSIT_TO,,MANY_SEATS_AVAILABLE
1755104371000,3BEA62A248CBFA46E063DC4D1FACC2EE,9329,115377606,16,39.74045181274414,-105.06639862060547,270.0,,STOPPED_AT,,MANY_SEATS_AVAILABLE
1755104371000,3BEA62A248CCFA46E063DC4D1FACC2EE,9330,115354121,105,39.74748229980469,-104.88227081298828,270.0,,IN_TRANSIT_TO,,MANY_SEATS_AVAILABLE
1755104371000,3BEA62A248CDFA46E063DC4D1FACC2EE,9331,115366700,83D,39.71165084838867,-104.9411849975586,271.0,,STOPPED_AT,,MANY_SEATS_AVAILABLE
1755104371000,3BEA62A248CFFA46E063DC4D1FACC2EE,9333,115350386,0,39.723731994628906,-104.98760223388672,179.0,,IN_TRANSIT_TO,,MANY_SEATS_AVAILABLE
1755104371000,3BEA62A248D1FA46E063DC4D1FACC2EE,9335,115377486,16,39.740150451660156,-105.09815216064453,90.0,,IN_TRANSIT_TO,,MANY_SEATS_AVAILABLE
1755104371000,3BEA62A248D3FA46E063DC4D1FACC2EE,9337,115377607,16,39.74034881591797,-105.11043548583984,271.0,,STOPPED_AT,,EMPTY
1755104371000,3BEA62A248D5FA46E063DC4D1FACC2EE,9339,115532018,0,39.684234619140625,-104.98743438720703,1.0,,IN_TRANSIT_TO,,MANY_SEATS_AVAILABLE
1755104371000,3BEA62A248D6FA46E063DC4D1FACC2EE,9340,115377603,16,39.74020004272461,-104.98715209960938,274.0,,STOPPED_AT,,EMPTY
1755104371000,3BEA62A248D8FA46E063DC4D1FACC2EE,9342,115356628,120X,39.7674674987793,-104.99671936035156,243.0,,IN_TRANSIT_TO,,EMPTY
1755104371000,3BEA62A248D9FA46E063DC4D1FACC2EE,9343,115356559,120X,39.845149993896484,-104.9845962524414,351.0,,IN_TRANSIT_TO,,EMPTY
1755104371000,3BEA62A248DBFA46E063DC4D1FACC2EE,9345,115377605,16,39.7401008605957,-105.02986907958984,1.0,,IN_TRANSIT_TO,,MANY_SEATS_AVAILABLE
1755104371000,3BEA62A248DEFA46E063DC4D1FACC2EE,9348,115532019,0,39.656734466552734,-104.998779296875,95.0,,IN_TRANSIT_TO,,EMPTY
1755104371000,3BEA62A248E2FA46E063DC4D1FACC2EE,9352,115350608,0B,39.55718231201172,-104.99849700927734,355.0,,IN_TRANSIT_TO,,MANY_SEATS_AVAILABLE
1755104371000,3BEA62A248E4FA46E063DC4D1FACC2EE,9354,115350366,0,39.749732971191406,-104.99566650390625,128.0,,IN_TRANSIT_TO,,MANY_SEATS_AVAILABLE
1755104371000,3BEA62A248E5FA46E063DC4D1FACC2EE,9355,115377489,16,39.7400016784668,-105.0022964477539,91.0,,IN_TRANSIT_TO,,MANY_SEATS_AVAILABLE
1755104371000,3BEA62A248E6FA46E063DC4D1FACC2EE,9356,115350365,0,39.69794845581055,-104.98761749267578,172.0,,IN_TRANSIT_TO,,MANY_SEATS_AVAILABLE
1755104371000,3BEA62A248E8FA46E063DC4D1FACC2EE,9358,115377604,16,39.7406005859375,-105.02176666259766,269.0,,IN_TRANSIT_TO,,MANY_SEATS_AVAILABLE
1755104371000,3BEA62A248EAFA46E063DC4D1FACC2EE,9360,115377491,16,39.741050720214844,-104.98621368408203,359.0,,IN_TRANSIT_TO,,EMPTY
1755104371000,3BEA62A248EBFA46E063DC4D1FACC2EE,9361,115532016,0,39.745216369628906,-104.99459838867188,315.0,,IN_TRANSIT_TO,,EMPTY
1755104371000,3BEA62A248ECFA46E063DC4D1FACC2EE,9362,115377490,16,39.73966598510742,-104.98729705810547,203.0,,IN_TRANSIT_TO,,EMPTY
1755104371000,3BEA62A248EFFA46E063DC4D1FACC2EE,9365,115377488,16,39.73830032348633,-105.0221176147461,74.0,,IN_TRANSIT_TO,,EMPTY
1755104371000,3BEA62A248F1FA46E063DC4D1FACC2EE,9367,115358979,15L,39.725582122802734,-104.81800079345703,90.0,,IN_TRANSIT_TO,,MANY_SEATS_AVAILABLE
1755104371000,3BEA62A248F2FA46E063DC4D1FACC2EE,9368,115358961,15L,39.74631881713867,-104.99597930908203,315.0,,IN_TRANSIT_TO,,EMPTY
1755104371000,3BEA62A248F6FA46E063DC4D1FACC2EE,9372,115358840,15L,39.740081787109375,-104.86090087890625,91.0,,IN_TRANSIT_TO,,EMPTY
1755104371000,3BEA62A248F7FA46E063DC4D1FACC2EE,9373,115366760,83L,39.68939971923828,-104.88528442382812,273.0,,IN_TRANSIT_TO,,MANY_SEATS_AVAILABLE
1755104371000,3BEA62A248F8FA46E063DC4D1FACC2EE,9374,115358964,15L,39.74034881591797,-104.8420181274414,268.0,,IN_TRANSIT_TO,,MANY_SEATS_AVAILABLE
1755104371000,3BEA62A248FEFA46E063DC4D1FACC2EE,9380,115358962,15L,39.74024963378906,-104.95796966552734,272.0,,IN_TRANSIT_TO,,MANY_SEATS_AVAILABLE
1755104371000,3BEA62A24900FA46E063DC4D1FACC2EE,9382,115358931,15L,39.740234375,-104.87568664550781,271.0,,IN_TRANSIT_TO,,MANY_SEATS_AVAILABLE
1755104371000,3BEA62A24904FA46E063DC4D1FACC2EE,9386,115366692,83D,39.66716766357422,-104.86620330810547,184.0,,IN_TRANSIT_TO,,EMPTY
1755104371000,3BEA62A24906FA46E063DC4D1FACC2EE,9388,115366701,83D,39.660400390625,-104.85931396484375,270.0,,IN_TRANSIT_TO,,EMPTY
1755104371000,3BEA62A24907FA46E063DC4D1FACC2EE,9389,115350649,0B,39.61000061035156,-104.98822021484375,180.0,,IN_TRANSIT_TO,,MANY_SEATS_AVAILABLE
1755104371000,3BEA62A24909FA46E063DC4D1FACC2EE,9391,115350397,0,39.754451751708984,-105.00146484375,118.0,,IN_TRANSIT_TO,,EMPTY
1755104371000,3BEA62A2490DFA46E063DC4D1FACC2EE,9395,115532017,0,39.72398376464844,-104.9861831665039,359.0,,IN_TRANSIT_TO,,EMPTY
1755104371000,3BEA62A2490FFA46E063DC4D1FACC2EE,9402,115358880,15L,39.740081787109375,-104.89796447753906,90.0,,IN_TRANSIT_TO,,MANY_SEATS_AVAILABLE
1755104371000,3BEA62A24910FA46E063DC4D1FACC2EE,9396,115377608,16,39.737518310546875,-105.12028503417969,103.0,,STOPPED_AT,,EMPTY
1755104371000,3BEA62A24911FA46E063DC4D1FACC2EE,9397,115377487,16,39.740318298339844,-105.05415344238281,88.0,,IN_TRANSIT_TO,,MANY_SEATS_AVAILABLE
1755104371000,3BEA62A24912FA46E063DC4D1FACC2EE,9398,115350609,0B,39.65556716918945,-104.99970245361328,14.0,,IN_TRANSIT_TO,,MANY_SEATS_AVAILABLE
1755104371000,3BEA62A24913FA46E063DC4D1FACC2EE,9403,115358868,15L,39.749515533447266,-104.99546813964844,130.0,,IN_TRANSIT_TO,,EMPTY
1755104371000,3BEA62A2495BFA46E063DC4D1FACC2EE,1523,115368394,AT,39.600799560546875,-104.88710021972656,278.0,,STOPPED_AT,,MANY_SEATS_AVAILABLE
1755104371000,3BEA62A24968FA46E063DC4D1FACC2EE,1536,115368392,AT,39.847782135009766,-104.67286682128906,106.0,,STOPPED_AT,,EMPTY
1755104371000,3BEA62A2496DFA46E063DC4D1FACC2EE,1541,115369278,FF1,39.88121795654297,-105.06729888916016,330.0,,IN_TRANSIT_TO,,MANY_SEATS_AVAILABLE
1755104371000,3BEA62A24970FA46E063DC4D1FACC2EE,1544,115353872,104L,39.88461685180664,-104.94021606445312,8.0,,IN_TRANSIT_TO,,EMPTY
1755104371000,3BEA62A2497EFA46E063DC4D1FACC2EE,1654,115381685,MALL,39.748531341552734,-104.99635314941406,310.0,,IN_TRANSIT_TO,,MANY_SEATS_AVAILABLE
1755104371000,3BEA62A24981FA46E063DC4D1FACC2EE,1657,115381321,MALL,39.743099212646484,-104.98703002929688,0.0,,IN_TRANSIT_TO,,EMPTY
1755104371000,3BEA62A24986FA46E063DC4D1FACC2EE,1662,115381437,MALL,39.75186538696289,-104.99987030029297,125.0,,IN_TRANSIT_TO,,MANY_SEATS_AVAILABLE
1755104371000,3BEA62A24989FA46E063DC4D1FACC2EE,1665,115381683,MALL,39.74129867553711,-104.98733520507812,266.0,,IN_TRANSIT_TO,,EMPTY
1755104371000,3BEA62A2498AFA46E063DC4D1FACC2EE,1666,115381322,MALL,39.74113464355469,-104.98715209960938,312.0,,IN_TRANSIT_TO,,EMPTY
1755104371000,3BEA62A2498FFA46E063DC4D1FACC2EE,1671,115381686,MALL,39.755165100097656,-105.0030517578125,232.0,,IN_TRANSIT_TO,,EMPTY
1755104371000,3BEA62A24995FA46E063DC4D1FACC2EE,1677,115381687,MALL,39.75505065917969,-105.00326538085938,228.0,,IN_TRANSIT_TO,,EMPTY
1755104371000,3BEA62A24996FA46E063DC4D1FACC2EE,1678,115381439,MALL,39.7456169128418,-104.99024963378906,134.0,,IN_TRANSIT_TO,,EMPTY
1755104371000,3BEA62A2499AFA46E063DC4D1FACC2EE,1682,115381684,MALL,39.74581527709961,-104.99556732177734,314.0,,IN_TRANSIT_TO,,EMPTY
1755104371000,3BEA62A2499CFA46E063DC4D1FACC2EE,1684,115381438,MALL,39.747581481933594,-104.99496459960938,135.0,,IN_TRANSIT_TO,,MANY_SEATS_AVAILABLE
1755104371000,3BEA62A249ACFA46E063DC4D1FACC2EE,3002,115363266,402L,39.549251556396484,-104.99078369140625,278.0,,IN_TRANSIT_TO,,EMPTY
1755104371000,3BEA62A249AEFA46E063DC4D1FACC2EE,3004,115364629,483,39.542633056640625,-104.87101745605469,0.0,,IN_TRANSIT_TO,,EMPTY
1755104371000,3BEA62A249B0FA46E063DC4D1FACC2EE,3006,115365292,59,39.60973358154297,-105.10317993164062,0.0,,IN_TRANSIT_TO,,EMPTY
1755104371000,3BEA62A249B3FA46E063DC4D1FACC2EE,3009,115364409,46,39.68564987182617,-104.9374008178711,221.0,,IN_TRANSIT_TO,,MANY_SEATS_AVAILABLE
1755104371000,3BEA62A249B4FA46E063DC4D1FACC2EE,3010,115364615,483,39.55801773071289,-104.7795639038086,337.0,,IN_TRANSIT_TO,,EMPTY
1755104371000,3BEA62A249B5FA46E063DC4D1FACC2EE,3011,115364630,483,39.65795135498047,-104.84574890136719,0.0,,STOPPED_AT,,EMPTY
1755104371000,3BEA62A249B6FA46E063DC4D1FACC2EE,3012,115364395,46,39.66753387451172,-104.93479919433594,270.0,,IN_TRANSIT_TO,,EMPTY
1755104371000,3BEA62A249B7FA46E063DC4D1FACC2EE,3013,115363244,402L,39.542415618896484,-104.91411590576172,133.0,,IN_TRANSIT_TO,,EMPTY
1755104371000,3BEA62A249B8FA46E063DC4D1FACC2EE,3014,115362295,327,40.20633316040039,-105.10234832763672,41.0,,IN_TRANSIT_TO,,EMPTY
1755104371000,3BEA62A249BBFA46E063DC4D1FACC2EE,3017,115362254,326,40.17256546020508,-105.10845184326172,0.0,,STOPPED_AT,,MANY_SEATS_AVAILABLE
1755104371000,3BEA62A249BCFA46E063DC4D1FACC2EE,3018,115362073,323,40.18830108642578,-105.07420349121094,179.0,,STOPPED_AT,,EMPTY
1755104371000,3BEA62A249BEFA46E063DC4D1FACC2EE,3020,115362149,324,40.17118453979492,-105.10846710205078,353.0,,IN_TRANSIT_TO,,EMPTY
1755104371000,3BEA62A249C0FA46E063DC4D1FACC2EE,3022,115362085,323,40.150367736816406,-105.1314468383789,265.0,,STOPPED_AT,,EMPTY
1755104371000,3BEA62A249C1FA46E063DC4D1FACC2EE,3023,115362175,324,40.14419937133789,-105.14061737060547,271.0,,IN_TRANSIT_TO,,EMPTY
1755104371000,3BEA62A249C2FA46E063DC4D1FACC2EE,3024,115362213,326,40.206634521484375,-105.09918212890625,78.0,,STOPPED_AT,,EMPTY
1755104371000,3BEA62A249C3FA46E063DC4D1FACC2EE,3025,115362176,324,40.17399978637695,-105.10810089111328,271.0,,IN_TRANSIT_TO,,MANY_SEATS_AVAILABLE
1755104371000,3BEA62A249C4FA46E063DC4D1FACC2EE,3601,115369272,FF1,39.98564910888672,-105.24998474121094,142.0,,IN_TRANSIT_TO,,MANY_SEATS_AVAILABLE
1755104371000,3BEA62A249C5FA46E063DC4D1FACC2EE,3602,115369342,FF1,40.01729965209961,-105.27642059326172,174.0,,STOPPED_AT,,EMPTY
1755104371000,3BEA62A249C6FA46E063DC4D1FACC2EE,3603,115374338,AB1,39.935115814208984,-105.12333679199219,314.0,,IN_TRANSIT_TO,,MANY_SEATS_AVAILABLE
1755104371000,3BEA62A249CEFA46E063DC4D1FACC2EE,3611,115369275,FF1,39.754798889160156,-105.00170135498047,146.0,,IN_TRANSIT_TO,,EMPTY
1755104371000,3BEA62A249D1FA46E063DC4D1FACC2EE,3614,115369273,FF1,39.90599822998047,-105.0850830078125,145.0,,IN_TRANSIT_TO,,MANY_SEATS_AVAILABLE
1755104371000,3BEA62A249D6FA46E063DC4D1FACC2EE,3619,115374470,BOLT,40.089298248291016,-105.19011688232422,220.0,,IN_TRANSIT_TO,,MANY_SEATS_AVAILABLE
1755104371000,3BEA62A249D7FA46E063DC4D1FACC2EE,3620,115374304,AB1,39.986751556396484,-105.23274993896484,32.0,,IN_TRANSIT_TO,,FEW_SEATS_AVAILABLE
1755104371000,3BEA62A249DBFA46E063DC4D1FACC2EE,3624,115369271,FF1,40.01698303222656,-105.2768325805664,354.0,,STOPPED_AT,,EMPTY
1755104371000,3BEA62A249DEFA46E063DC4D1FACC2EE,3627,115369274,FF1,39.79228210449219,-104.98834991455078,190.0,,IN_TRANSIT_TO,,MANY_SEATS_AVAILABLE
1755104371000,3BEA62A249E6FA46E063DC4D1FACC2EE,3635,115374446,BOLT,40.094200134277344,-105.18437957763672,40.0,,IN_TRANSIT_TO,,EMPTY
1755104371000,3BEA62A249E7FA46E063DC4D1FACC2EE,3636,115374905,NB3,40.01466751098633,-105.32246398925781,293.0,,IN_TRANSIT_TO,,EMPTY
1755104371000,3BEA62A249EAFA46E063DC4D1FACC2EE,3642,115369279,FF1,39.76018142700195,-104.99430084228516,332.0,,IN_TRANSIT_TO,,MANY_SEATS_AVAILABLE
1755104371000,3BEA62A249ECFA46E063DC4D1FACC2EE,3644,115374291,AB1,39.842899322509766,-104.67486572265625,311.0,,IN_TRANSIT_TO,,EMPTY
1755104371000,3BEA62A24A0DFA46E063DC4D1FACC2EE,3702,115369341,FF1,40.01679992675781,-105.27674865722656,6.0,,IN_TRANSIT_TO,,EMPTY
1755104371000,3BEA62A24A20FA46E063DC4D1FACC2EE,3721,115374321,AB1,39.84331512451172,-104.74676513671875,358.0,,IN_TRANSIT_TO,,MANY_SEATS_AVAILABLE
1755104371000,3BEA62A24A26FA46E063DC4D1FACC2EE,3727,115369343,FF1,39.98586654663086,-105.2490463256836,270.0,,IN_TRANSIT_TO,,MANY_SEATS_AVAILABLE
1755104371000,3BEA62A24A2AFA46E063DC4D1FACC2EE,3731,115353840,104L,39.88481521606445,-104.94529724121094,91.0,,IN_TRANSIT_TO,,EMPTY
1755104371000,3BEA62A24A42FA46E063DC4D1FACC2EE,6001,115378562,153,39.709449768066406,-104.81468200683594,316.0,,IN_TRANSIT_TO,,EMPTY
1755104371000,3BEA62A24A43FA46E063DC4D1FACC2EE,6002,115366359,76,39.6502685546875,-105.08159637451172,0.0,,IN_TRANSIT_TO,,EMPTY
1755104371000,3BEA62A24A48FA46E063DC4D1FACC2EE,6007,115356935,121,39.67496871948242,-104.84741973876953,181.0,,IN_TRANSIT_TO,,EMPTY
1755104371000,3BEA62A24A51FA46E063DC4D1FACC2EE,6016,115362746,38,39.770599365234375,-104.9223861694336,180.0,,STOPPED_AT,,EMPTY
1755104371000,3BEA62A24A52FA46E063DC4D1FACC2EE,6017,115363867,43,39.74700164794922,-105.00475311279297,346.0,,STOPPED_AT,,EMPTY
1755104371000,3BEA62A24A54FA46E063DC4D1FACC2EE,6019,115364012,44,39.77653121948242,-105.04930114746094,91.0,,IN_TRANSIT_TO,,EMPTY
1755104371000,3BEA62A24A55FA46E063DC4D1FACC2EE,6020,115355118,11,39.69295120239258,-104.96672058105469,90.0,,IN_TRANSIT_TO,,EMPTY
1755104371000,3BEA62A24A57FA46E063DC4D1FACC2EE,6022,115361138,28,39.75490188598633,-105.08026885986328,281.0,,IN_TRANSIT_TO,,EMPTY
1755104371000,3BEA62A24A5CFA46E063DC4D1FACC2EE,6027,115363901,43,39.76203155517578,-104.96904754638672,270.0,,IN_TRANSIT_TO,,EMPTY
1755104371000,3BEA62A24A67FA46E063DC4D1FACC2EE,6038,115359788,17,39.739898681640625,-105.19721984863281,310.0,,IN_TRANSIT_TO,,EMPTY
1755104371000,3BEA62A24A68FA46E063DC4D1FACC2EE,6039,115368247,ART,39.7447509765625,-104.99617004394531,224.0,,IN_TRANSIT_TO,,EMPTY
1755104371000,3BEA62A24A6AFA46E063DC4D1FACC2EE,6041,115355159,11,39.69658279418945,-104.90996551513672,271.0,,IN_TRANSIT_TO,,EMPTY
1755104371000,3BEA62A24A6CFA46E063DC4D1FACC2EE,6043,115361108,28,39.758365631103516,-104.91893005371094,89.0,,IN_TRANSIT_TO,,EMPTY
1755104371000,3BEA62A24A6DFA46E063DC4D1FACC2EE,6044,115356266,12,39.68764877319336,-104.97383117675781,269.0,,IN_TRANSIT_TO,,EMPTY
1755104371000,3BEA62A24A6EFA46E063DC4D1FACC2EE,6045,115355104,11,39.69478225708008,-104.83854675292969,90.0,,IN_TRANSIT_TO,,EMPTY
1755104371000,3BEA62A24A6FFA46E063DC4D1FACC2EE,6047,115356934,121,39.766632080078125,-104.850830078125,192.0,,IN_TRANSIT_TO,,EMPTY
1755104371000,3BEA62A24A70FA46E063DC4D1FACC2EE,6048,115378538,153,39.58420181274414,-104.82510375976562,86.0,,IN_TRANSIT_TO,,MANY_SEATS_AVAILABLE
1755104371000,3BEA62A24A74FA46E063DC4D1FACC2EE,6052,115360631,21,39.678733825683594,-105.02086639404297,272.0,,STOPPED_AT,,FEW_SEATS_AVAILABLE
1755104371000,3BEA62A24A75FA46E063DC4D1FACC2EE,6053,115361229,29,39.64853286743164,-105.02538299560547,180.0,,IN_TRANSIT_TO,,EMPTY
1755104371000,3BEA62A24A78FA46E063DC4D1FACC2EE,6056,115363070,40,39.653167724609375,-104.92344665527344,265.0,,IN_TRANSIT_TO,,EMPTY
1755104371000,3BEA62A24A79FA46E063DC4D1FACC2EE,6057,115350990,10,39.75429916381836,-105.00070190429688,98.0,,IN_TRANSIT_TO,,EMPTY
1755104371000,3BEA62A24A7AFA46E063DC4D1FACC2EE,6058,115358172,15,39.740116119384766,-104.90363311767578,90.0,,IN_TRANSIT_TO,,MANY_SEATS_AVAILABLE
1755104371000,3BEA62A24A7BFA46E063DC4D1FACC2EE,6059,115358531,153,39.7508659362793,-104.81946563720703,180.0,,IN_TRANSIT_TO,,CRUSHED_STANDING_ROOM_ONLY
1755104371000,3BEA62A24A7CFA46E063DC4D1FACC2EE,6060,115357163,130,39.66239929199219,-104.84709930419922,0.0,,IN_TRANSIT_TO,,EMPTY
1755104371000,3BEA62A24A7DFA46E063DC4D1FACC2EE,6061,115356952,121,39.792598724365234,-104.82170104980469,284.0,,IN_TRANSIT_TO,,EMPTY
1755104371000,3BEA62A24A7EFA46E063DC4D1FACC2EE,6062,115350957,10,39.735015869140625,-104.95950317382812,90.0,,IN_TRANSIT_TO,,EMPTY
1755104371000,3BEA62A24A80FA46E063DC4D1FACC2EE,6064,115378561,153,39.60430145263672,-104.80743408203125,157.0,,IN_TRANSIT_TO,,EMPTY
1755104371000,3BEA62A24A85FA46E063DC4D1FACC2EE,6069,115357169,130,39.667598724365234,-104.79591369628906,270.0,,IN_TRANSIT_TO,,EMPTY
1755104371000,3BEA62A24A87FA46E063DC4D1FACC2EE,6071,115358218,15,39.754268646240234,-105.00028228759766,0.0,,IN_TRANSIT_TO,,EMPTY
1755104371000,3BEA62A24A88FA46E063DC4D1FACC2EE,6072,115363453,42,39.76996612548828,-104.89102935791016,9.0,,IN_TRANSIT_TO,,EMPTY
1755104371000,3BEA62A24A89FA46E063DC4D1FACC2EE,6073,115358522,153,39.58413314819336,-104.83136749267578,310.0,,STOPPED_AT,,EMPTY
1755104371000,3BEA62A24A8AFA46E063DC4D1FACC2EE,6074,115354135,105,39.718082427978516,-104.86588287353516,3.0,,IN_TRANSIT_TO,,EMPTY
1755104371000,3BEA62A24A8BFA46E063DC4D1FACC2EE,6075,115354247,105,39.76319885253906,-104.89056396484375,180.0,,IN_TRANSIT_TO,,EMPTY
1755104371000,3BEA62A24A8CFA46E063DC4D1FACC2EE,6076,115359480,169,39.697166442871094,-104.79093170166016,0.0,,IN_TRANSIT_TO,,MANY_SEATS_AVAILABLE
1755104371000,3BEA62A24A8EFA46E063DC4D1FACC2EE,6081,115365630,65,39.649017333984375,-104.91539764404297,244.0,,STOPPED_AT,,EMPTY
1755104371000,3BEA62A24A8FFA46E063DC4D1FACC2EE,6077,115378560,153,39.60108184814453,-104.88787078857422,328.0,,STOPPED_AT,,EMPTY
1755104371000,3BEA62A24A90FA46E063DC4D1FACC2EE,6082,115360026,20,39.74711608886719,-104.99203491210938,136.0,,IN_TRANSIT_TO,,EMPTY
1755104371000,3BEA62A24A91FA46E063DC4D1FACC2EE,6083,115354210,105,39.66764831542969,-104.86627960205078,182.0,,IN_TRANSIT_TO,,EMPTY
1755104371000,3BEA62A24A94FA46E063DC4D1FACC2EE,6079,115354171,105,39.65299987792969,-104.89143371582031,91.0,,IN_TRANSIT_TO,,EMPTY
1755104371000,3BEA62A24A99FA46E063DC4D1FACC2EE,6089,115363543,42,39.769718170166016,-104.78628540039062,86.0,,IN_TRANSIT_TO,,EMPTY
1755104371000,3BEA62A24A9BFA46E063DC4D1FACC2EE,6091,115360025,20,39.747432708740234,-104.89061737060547,90.0,,IN_TRANSIT_TO,,EMPTY
1755104371000,3BEA62A24A9CFA46E063DC4D1FACC2EE,6092,115358308,15,39.7401008605957,-104.95939636230469,256.0,,IN_TRANSIT_TO,,MANY_SEATS_AVAILABLE
1755104371000,3BEA62A24A9EFA46E063DC4D1FACC2EE,6094,115364307,45,39.770050048828125,-104.78673553466797,260.0,,STOPPED_AT,,MANY_SEATS_AVAILABLE
1755104371000,3BEA62A24AA2FA46E063DC4D1FACC2EE,6098,115358477,153,39.70768356323242,-104.81919860839844,3.0,,IN_TRANSIT_TO,,MANY_SEATS_AVAILABLE
1755104371000,3BEA62A24AA5FA46E063DC4D1FACC2EE,6101,115358178,15,39.74006652832031,-104.83736419677734,94.0,,IN_TRANSIT_TO,,EMPTY
1755104371000,3BEA62A24AA7FA46E063DC4D1FACC2EE,6103,115358480,153,39.61428451538086,-104.81494903564453,346.0,,IN_TRANSIT_TO,,EMPTY
1755104371000,3BEA62A24AA8FA46E063DC4D1FACC2EE,6104,115358479,153,39.602298736572266,-104.88826751708984,97.0,,IN_TRANSIT_TO,,EMPTY
1755104371000,3BEA62A24AA9FA46E063DC4D1FACC2EE,6105,115363454,42,39.769649505615234,-104.78703308105469,85.0,,STOPPED_AT,,EMPTY
1755104371000,3BEA62A24AAAFA46E063DC4D1FACC2EE,6106,115358278,15,39.74020004272461,-104.9171142578125,270.0,,IN_TRANSIT_TO,,EMPTY
1755104371000,3BEA62A24AABFA46E063DC4D1FACC2EE,6107,115364248,45,39.795318603515625,-104.74669647216797,93.0,,IN_TRANSIT_TO,,EMPTY
1755104371000,3BEA62A24AADFA46E063DC4D1FACC2EE,6109,115359507,169,39.74026870727539,-104.77371978759766,270.0,,STOPPED_AT,,MANY_SEATS_AVAILABLE
1755104371000,3BEA62A24AB4FA46E063DC4D1FACC2EE,6116,115356917,121,39.72381591796875,-104.84356689453125,29.0,,IN_TRANSIT_TO,,MANY_SEATS_AVAILABLE
1755104371000,3BEA62A24AB8FA46E063DC4D1FACC2EE,6120,115373847,19,39.75979995727539,-105.00225067138672,123.0,,IN_TRANSIT_TO,,MANY_SEATS_AVAILABLE
1755104371000,3BEA62A24AB9FA46E063DC4D1FACC2EE,6121,115362026,32,39.758731842041016,-105.00981903076172,122.0,,IN_TRANSIT_TO,,EMPTY
1755104371000,3BEA62A24ABBFA46E063DC4D1FACC2EE,6123,115359712,17,39.72398376464844,-105.13213348388672,204.0,,IN_TRANSIT_TO,,EMPTY
1755104371000,3BEA62A24ABCFA46E063DC4D1FACC2EE,6124,115363828,43,39.76186752319336,-104.92778015136719,90.0,,IN_TRANSIT_TO,,MANY_SEATS_AVAILABLE
1755104371000,3BEA62A24ABEFA46E063DC4D1FACC2EE,6126,115366443,8,39.740848541259766,-104.98633575439453,165.0,,STOPPED_AT,,EMPTY
1755104371000,3BEA62A24AC0FA46E063DC4D1FACC2EE,6128,115355105,11,39.70389938354492,-105.02103424072266,90.0,,IN_TRANSIT_TO,,EMPTY
1755104371000,3BEA62A24AC3FA46E063DC4D1FACC2EE,6131,115350749,1,39.744598388671875,-105.00994873046875,45.0,,IN_TRANSIT_TO,,EMPTY
1755104371000,3BEA62A24AC4FA46E063DC4D1FACC2EE,6132,115362440,35,39.66436767578125,-105.02503204345703,357.0,,IN_TRANSIT_TO,,EMPTY
1755104371000,3BEA62A24ACCFA46E063DC4D1FACC2EE,6140,115360642,21,39.678565979003906,-104.93589782714844,269.0,,IN_TRANSIT_TO,,EMPTY
1755104371000,3BEA62A24ACDFA46E063DC4D1FACC2EE,6141,115376595,73,39.74618148803711,-104.90348052978516,180.0,,IN_TRANSIT_TO,,EMPTY
1755104371000,3BEA62A24AD0FA46E063DC4D1FACC2EE,6144,115376631,73,39.69525146484375,-104.90364837646484,182.0,,IN_TRANSIT_TO,,EMPTY
1755104371000,3BEA62A24ADDFA46E063DC4D1FACC2EE,6157,115375236,SKIP,40.01846694946289,-105.28026580810547,165.0,,STOPPED_AT,,MANY_SEATS_AVAILABLE
1755104371000,3BEA62A24ADFFA46E063DC4D1FACC2EE,6162,115364822,49,39.82493209838867,-104.90522003173828,182.0,,STOPPED_AT,,MANY_SEATS_AVAILABLE
1755104371000,3BEA62A24AE3FA46E063DC4D1FACC2EE,6160,115362737,38,39.7663688659668,-104.92230224609375,358.0,,IN_TRANSIT_TO,,MANY_SEATS_AVAILABLE
1755104371000,3BEA62A24AE7FA46E063DC4D1FACC2EE,6167,115366331,76,39.79840087890625,-105.07689666748047,106.0,,IN_TRANSIT_TO,,MANY_SEATS_AVAILABLE
1755104371000,3BEA62A24AEAFA46E063DC4D1FACC2EE,6170,115366906,88,39.827117919921875,-104.91283416748047,85.0,,STOPPED_AT,,EMPTY
1755104371000,3BEA62A24AEBFA46E063DC4D1FACC2EE,6171,115361454,3,39.70819854736328,-104.81777954101562,208.0,,IN_TRANSIT_TO,,MANY_SEATS_AVAILABLE
1755104371000,3BEA62A24AF1FA46E063DC4D1FACC2EE,6177,115362728,38,39.76934814453125,-105.06262969970703,91.0,,IN_TRANSIT_TO,,EMPTY
1755104371000,3BEA62A24AF5FA46E063DC4D1FACC2EE,6181,115365945,72,39.8269157409668,-104.94255065917969,345.0,,IN_TRANSIT_TO,,EMPTY
1755104371000,3BEA62A24AFAFA46E063DC4D1FACC2EE,6186,115351102,100,39.801918029785156,-105.10846710205078,269.0,,IN_TRANSIT_TO,,EMPTY
1755104371000,3BEA62A24AFCFA46E063DC4D1FACC2EE,6188,115365163,52,39.769283294677734,-105.00285339355469,90.0,,IN_TRANSIT_TO,,EMPTY
1755104371000,3BEA62A24B00FA46E063DC4D1FACC2EE,6192,115365130,52,39.798866271972656,-105.07938385009766,0.0,,IN_TRANSIT_TO,,EMPTY
1755104371000,3BEA62A24B01FA46E063DC4D1FACC2EE,6193,115364306,45,39.79538345336914,-104.74686431884766,272.0,,IN_TRANSIT_TO,,EMPTY
1755104371000,3BEA62A24B02FA46E063DC4D1FACC2EE,6194,115350989,10,39.735084533691406,-104.95909881591797,277.0,,STOPPED_AT,,MANY_SEATS_AVAILABLE
1755104371000,3BEA62A24B03FA46E063DC4D1FACC2EE,6195,115354220,105,39.65456771850586,-104.86717987060547,212.0,,IN_TRANSIT_TO,,MANY_SEATS_AVAILABLE
1755104371000,3BEA62A24B06FA46E063DC4D1FACC2EE,6198,115366448,8,39.79833221435547,-104.98173522949219,83.0,,IN_TRANSIT_TO,,EMPTY
1755104371000,3BEA62A24B08FA46E063DC4D1FACC2EE,6200,115365612,65,39.73566818237305,-104.91239929199219,0.0,,IN_TRANSIT_TO,,MANY_SEATS_AVAILABLE
1755104371000,3BEA62A24B0AFA46E063DC4D1FACC2EE,6202,115356967,121,39.728233337402344,-104.84733581542969,182.0,,IN_TRANSIT_TO,,MANY_SEATS_AVAILABLE
1755104371000,3BEA62A24B0FFA46E063DC4D1FACC2EE,6207,115365611,65,39.63138198852539,-104.89665222167969,306.0,,IN_TRANSIT_TO,,MANY_SEATS_AVAILABLE
1755104371000,3BEA62A24B11FA46E063DC4D1FACC2EE,6209,115365469,6,39.736698150634766,-104.98606872558594,1.0,,STOPPED_AT,,EMPTY
1755104371000,3BEA62A24B13FA46E063DC4D1FACC2EE,6211,115363058,40,39.732051849365234,-104.94053649902344,0.0,,STOPPED_AT,,EMPTY
1755104371000,3BEA62A24B14FA46E063DC4D1FACC2EE,6212,115365004,51,39.699581146240234,-105.05331420898438,180.0,,IN_TRANSIT_TO,,MANY_SEATS_AVAILABLE
1755104371000,3BEA62A24B19FA46E063DC4D1FACC2EE,6217,115360155,204,40.00014877319336,-105.26014709472656,5.0,,IN_TRANSIT_TO,,EMPTY
1755104371000,3BEA62A24B1AFA46E063DC4D1FACC2EE,6218,115360199,204,39.98478317260742,-105.25081634521484,48.0,,STOPPED_AT,,EMPTY
1755104371000,3BEA62A24B1CFA46E063DC4D1FACC2EE,6220,115360447,208,40.02928161621094,-105.24628448486328,268.0,,IN_TRANSIT_TO,,EMPTY
1755104371000,3BEA62A24B1DFA46E063DC4D1FACC2EE,6221,115374577,DASH,39.991600036621094,-105.0734634399414,274.0,,IN_TRANSIT_TO,,EMPTY
1755104371000,3BEA62A24B21FA46E063DC4D1FACC2EE,6225,115375178,SKIP,40.01108169555664,-105.27713012695312,337.0,,IN_TRANSIT_TO,,MANY_SEATS_AVAILABLE
1755104371000,3BEA62A24B22FA46E063DC4D1FACC2EE,6226,115375237,SKIP,39.97156524658203,-105.24258422851562,252.0,,IN_TRANSIT_TO,,EMPTY
1755104371000,3BEA62A24B26FA46E063DC4D1FACC2EE,6230,115359787,17,39.73828125,-105.15480041503906,255.0,,IN_TRANSIT_TO,,EMPTY
1755104371000,3BEA62A24B27FA46E063DC4D1FACC2EE,6231,115361125,28,39.75429916381836,-104.97341918945312,180.0,,IN_TRANSIT_TO,,MANY_SEATS_AVAILABLE
1755104371000,3BEA62A24B30FA46E063DC4D1FACC2EE,6240,115375177,SKIP,39.99043273925781,-105.2567138671875,332.0,,IN_TRANSIT_TO,,EMPTY
1755104371000,3BEA62A24B31FA46E063DC4D1FACC2EE,6244,115355099,11,39.7086181640625,-104.81804656982422,233.0,,IN_TRANSIT_TO,,MANY_SEATS_AVAILABLE
1755104371000,3BEA62A24B34FA46E063DC4D1FACC2EE,6247,115355158,11,39.701568603515625,-104.98968505859375,170.0,,IN_TRANSIT_TO,,EMPTY
1755104371000,3BEA62A24B38FA46E063DC4D1FACC2EE,6249,115363911,43,39.767398834228516,-104.89559936523438,272.0,,IN_TRANSIT_TO,,MANY_SEATS_AVAILABLE
1755104371000,3BEA62A24B3BFA46E063DC4D1FACC2EE,6251,115364587,48,39.751617431640625,-104.98750305175781,180.0,,IN_TRANSIT_TO,,MANY_SEATS_AVAILABLE
1755104371000,3BEA62A24B41FA46E063DC4D1FACC2EE,6257,115374815,JUMP,39.98683166503906,-105.09034729003906,114.0,,IN_TRANSIT_TO,,EMPTY
1755104371000,3BEA62A24B48FA46E063DC4D1FACC2EE,6264,115358215,15,39.7403678894043,-104.8279800415039,271.0,,IN_TRANSIT_TO,,MANY_SEATS_AVAILABLE
1755104371000,3BEA62A24B4AFA46E063DC4D1FACC2EE,6266,115357152,130,39.69820022583008,-104.81918334960938,3.0,,STOPPED_AT,,MANY_SEATS_AVAILABLE
1755104371000,3BEA62A24B4BFA46E063DC4D1FACC2EE,6267,115354131,105,39.679100036621094,-104.86578369140625,0.0,,IN_TRANSIT_TO,,EMPTY
1755104371000,3BEA62A24B50FA46E063DC4D1FACC2EE,6272,115357355,133,39.6529655456543,-104.8024673461914,90.0,,IN_TRANSIT_TO,,MANY_SEATS_AVAILABLE
1755104371000,3BEA62A24B51FA46E063DC4D1FACC2EE,6273,115357376,133,39.70951843261719,-104.81476593017578,281.0,,STOPPED_AT,,EMPTY
1755104371000,3BEA62A24B53FA46E063DC4D1FACC2EE,6275,115378537,153,39.6745491027832,-104.80979919433594,0.0,,IN_TRANSIT_TO,,EMPTY
1755104371000,3BEA62A24B56FA46E063DC4D1FACC2EE,6278,115364235,45,39.78733444213867,-104.82379913330078,76.0,,IN_TRANSIT_TO,,EMPTY
1755104371000,3BEA62A24B59FA46E063DC4D1FACC2EE,6281,115350958,10,39.733001708984375,-104.84739685058594,90.0,,IN_TRANSIT_TO,,EMPTY
1755104371000,3BEA62A24B5BFA46E063DC4D1FACC2EE,6283,115358527,153,39.673866271972656,-104.81005096435547,180.0,,STOPPED_AT,,EMPTY
1755104371000,3BEA62A24B5DFA46E063DC4D1FACC2EE,6285,115358160,15,39.742733001708984,-104.98735046386719,182.0,,STOPPED_AT,,MANY_SEATS_AVAILABLE
1755104371000,3BEA62A24B5EFA46E063DC4D1FACC2EE,6286,115358277,15,39.74021530151367,-104.92776489257812,271.0,,STOPPED_AT,,EMPTY
1755104371000,3BEA62A24B61FA46E063DC4D1FACC2EE,6289,115359506,169,39.60240173339844,-104.88551330566406,271.0,,IN_TRANSIT_TO,,EMPTY
1755104371000,3BEA62A24B63FA46E063DC4D1FACC2EE,6291,115356919,121,39.76388168334961,-104.85116577148438,270.0,,IN_TRANSIT_TO,,EMPTY
1755104371000,3BEA62A24B64FA46E063DC4D1FACC2EE,6292,115357612,139,39.657684326171875,-104.84038543701172,103.0,,IN_TRANSIT_TO,,MANY_SEATS_AVAILABLE
1755104371000,3BEA62A24B65FA46E063DC4D1FACC2EE,6293,115358170,15,39.75396728515625,-105.00196838378906,264.0,,IN_TRANSIT_TO,,EMPTY
1755104371000,3BEA62A24B6BFA46E063DC4D1FACC2EE,6299,115364557,48,39.78395080566406,-104.9635009765625,182.0,,IN_TRANSIT_TO,,MANY_SEATS_AVAILABLE
1755104371000,3BEA62A24B6CFA46E063DC4D1FACC2EE,6301,115350988,10,39.7328987121582,-104.88516998291016,272.0,,STOPPED_AT,,EMPTY
1755104371000,3BEA62A24B6EFA46E063DC4D1FACC2EE,6303,115357420,133,39.65314865112305,-104.772216796875,271.0,,IN_TRANSIT_TO,,MANY_SEATS_AVAILABLE
1755104371000,3BEA62A24B6FFA46E063DC4D1FACC2EE,6304,115357622,139,39.63858413696289,-104.80028533935547,270.0,,IN_TRANSIT_TO,,EMPTY
1755104371000,3BEA62A24B70FA46E063DC4D1FACC2EE,6305,115354232,105,39.72890090942383,-104.865966796875,179.0,,IN_TRANSIT_TO,,MANY_SEATS_AVAILABLE
1755104371000,3BEA62A24B71FA46E063DC4D1FACC2EE,6306,115358202,15,39.74005126953125,-104.84615325927734,89.0,,IN_TRANSIT_TO,,MANY_SEATS_AVAILABLE
1755104371000,3BEA62A24B74FA46E063DC4D1FACC2EE,6309,115363544,42,39.78046798706055,-104.88300323486328,180.0,,IN_TRANSIT_TO,,MANY_SEATS_AVAILABLE
1755104371000,3BEA62A24B76FA46E063DC4D1FACC2EE,6311,115358219,15,39.73998260498047,-104.97747039794922,270.0,,IN_TRANSIT_TO,,MANY_SEATS_AVAILABLE
1755104371000,3BEA62A24B78FA46E063DC4D1FACC2EE,6313,115378536,153,39.75703430175781,-104.83001708984375,278.0,,IN_TRANSIT_TO,,EMPTY
1755104371000,3BEA62A24B79FA46E063DC4D1FACC2EE,6314,115358159,15,39.74005126953125,-104.91588592529297,93.0,,STOPPED_AT,,EMPTY
1755104371000,3BEA62A24B7AFA46E063DC4D1FACC2EE,6315,115368227,ART,39.779632568359375,-104.95823669433594,0.0,,IN_TRANSIT_TO,,MANY_SEATS_AVAILABLE
1755104371000,3BEA62A24B7CFA46E063DC4D1FACC2EE,6317,115362832,4,39.71110153198242,-105.02031707763672,91.0,,IN_TRANSIT_TO,,EMPTY
1755104371000,3BEA62A24B7DFA46E063DC4D1FACC2EE,6318,115358307,15,39.74026870727539,-104.84773254394531,272.0,,STOPPED_AT,,EMPTY
1755104371000,3BEA62A24B7FFA46E063DC4D1FACC2EE,6320,115361111,28,39.754783630371094,-105.07845306396484,89.0,,IN_TRANSIT_TO,,EMPTY
1755104371000,3BEA62A24B80FA46E063DC4D1FACC2EE,6321,115360057,20,39.74748229980469,-104.8656997680664,271.0,,IN_TRANSIT_TO,,EMPTY
1755104371000,3BEA62A24B81FA46E063DC4D1FACC2EE,6322,115359711,17,39.74006652832031,-105.1310806274414,92.0,,IN_TRANSIT_TO,,EMPTY
1755104371000,3BEA62A24B84FA46E063DC4D1FACC2EE,6324,115364553,48,39.74108123779297,-104.98641967773438,250.0,,STOPPED_AT,,EMPTY
1755104371000,3BEA62A24B87FA46E063DC4D1FACC2EE,6328,115356324,12,39.69306564331055,-104.97817993164062,272.0,,STOPPED_AT,,EMPTY
1755104371000,3BEA62A24B88FA46E063DC4D1FACC2EE,6329,115362039,32,39.77280044555664,-105.08131408691406,1.0,,IN_TRANSIT_TO,,EMPTY
1755104371000,3BEA62A24B89FA46E063DC4D1FACC2EE,6330,115364606,48,39.80576705932617,-104.93119812011719,226.0,,IN_TRANSIT_TO,,EMPTY
1755104371000,3BEA62A24B8AFA46E063DC4D1FACC2EE,6331,115350783,1,39.7186164855957,-105.05937957763672,269.0,,IN_TRANSIT_TO,,EMPTY
1755104371000,3BEA62A24B8BFA46E063DC4D1FACC2EE,6332,115359710,17,39.749149322509766,-105.21389770507812,144.0,,IN_TRANSIT_TO,,EMPTY
1755104371000,3BEA62A24B8CFA46E063DC4D1FACC2EE,6333,115356323,12,39.77024841308594,-104.97374725341797,217.0,,IN_TRANSIT_TO,,EMPTY
1755104371000,3BEA62A24B8DFA46E063DC4D1FACC2EE,6334,115355160,11,39.69596862792969,-104.83332061767578,179.0,,STOPPED_AT,,MANY_SEATS_AVAILABLE
1755104371000,3BEA62A24B8FFA46E063DC4D1FACC2EE,6336,115363899,43,39.745967864990234,-105.0024185180664,245.0,,IN_TRANSIT_TO,,EMPTY
1755104371000,3BEA62A24B91FA46E063DC4D1FACC2EE,6338,115364033,44,39.75775146484375,-105.01087951660156,324.0,,IN_TRANSIT_TO,,EMPTY
1755104371000,3BEA62A24B93FA46E063DC4D1FACC2EE,6340,115356267,12,39.74530029296875,-104.97332000732422,1.0,,STOPPED_AT,,EMPTY
1755104371000,3BEA62A24B98FA46E063DC4D1FACC2EE,6345,115363131,40,39.66503143310547,-104.9408187866211,180.0,,IN_TRANSIT_TO,,EMPTY
1755104371000,3BEA62A24BA5FA46E063DC4D1FACC2EE,6358,115363837,43,39.7489013671875,-104.98915100097656,46.0,,IN_TRANSIT_TO,,MANY_SEATS_AVAILABLE
1755104371000,3BEA62A24BA7FA46E063DC4D1FACC2EE,6360,115355157,11,39.707115173339844,-105.08236694335938,272.0,,STOPPED_AT,,EMPTY
1755104371000,3BEA62A24BAEFA46E063DC4D1FACC2EE,6367,115363879,43,39.745201110839844,-104.99214935302734,228.0,,IN_TRANSIT_TO,,EMPTY
1755104371000,3BEA62A24BB3FA46E063DC4D1FACC2EE,6372,115367291,99,39.71688461303711,-105.12747955322266,0.0,,IN_TRANSIT_TO,,EMPTY
1755104371000,3BEA62A24BB4FA46E063DC4D1FACC2EE,6373,115455655,31,39.737831115722656,-105.02503204345703,5.0,,STOPPED_AT,,EMPTY
1755104371000,3BEA62A24BB6FA46E063DC4D1FACC2EE,6375,115360609,21,39.67843246459961,-104.97284698486328,86.0,,IN_TRANSIT_TO,,MANY_SEATS_AVAILABLE
1755104371000,3BEA62A24BB8FA46E063DC4D1FACC2EE,6377,115360632,21,39.70801544189453,-104.81803131103516,356.0,,STOPPED_AT,,EMPTY
1755104371000,3BEA62A24BBAFA46E063DC4D1FACC2EE,6379,115367323,99,39.68811798095703,-105.10034942626953,179.0,,IN_TRANSIT_TO,,EMPTY
1755104371000,3BEA62A24BBDFA46E063DC4D1FACC2EE,6382,115376594,73,39.63161849975586,-104.8868179321289,308.0,,IN_TRANSIT_TO,,EMPTY
1755104371000,3BEA62A24BBEFA46E063DC4D1FACC2EE,6383,115376529,73,39.76976776123047,-104.89080047607422,6.0,,STOPPED_AT,,EMPTY
1755104371000,3BEA62A24BBFFA46E063DC4D1FACC2EE,6384,115362510,36,39.6775016784668,-105.02523040771484,181.0,,STOPPED_AT,,EMPTY
1755104371000,3BEA62A24BC0FA46E063DC4D1FACC2EE,6385,115455788,31,39.6781005859375,-105.02523040771484,192.0,,STOPPED_AT,,EMPTY
1755104371000,3BEA62A24BC1FA46E063DC4D1FACC2EE,6386,115362393,35,39.667232513427734,-105.02521514892578,177.0,,IN_TRANSIT_TO,,MANY_SEATS_AVAILABLE
1755104371000,3BEA62A24BC2FA46E063DC4D1FACC2EE,6387,115360599,21,39.67483139038086,-104.84204864501953,88.0,,IN_TRANSIT_TO,,MANY_SEATS_AVAILABLE
1755104371000,3BEA62A24BC5FA46E063DC4D1FACC2EE,6390,115376566,73,39.627281188964844,-104.9045181274414,315.0,,STOPPED_AT,,EMPTY
1755104371000,3BEA62A24BC8FA46E063DC4D1FACC2EE,6393,115362438,35,39.61286544799805,-105.091552734375,203.0,,IN_TRANSIT_TO,,EMPTY
1755104371000,3BEA62A24BC9FA46E063DC4D1FACC2EE,6394,115358201,15,39.74003219604492,-104.97122955322266,94.0,,IN_TRANSIT_TO,,MANY_SEATS_AVAILABLE
1755104371000,3BEA62A24BCAFA46E063DC4D1FACC2EE,6395,115358478,153,39.75925064086914,-104.84645080566406,269.0,,IN_TRANSIT_TO,,MANY_SEATS_AVAILABLE
1755104371000,3BEA62A24BCCFA46E063DC4D1FACC2EE,6397,115360056,20,39.7448844909668,-104.97378540039062,271.0,,STOPPED_AT,,MANY_SEATS_AVAILABLE
1755104371000,3BEA62A24BCDFA46E063DC4D1FACC2EE,6398,115365129,52,39.76201629638672,-105.00548553466797,258.0,,IN_TRANSIT_TO,,EMPTY
1755104371000,3BEA62A24BD7FA46E063DC4D1FACC2EE,6411,115374178,93L,39.913448333740234,-104.9404296875,174.0,,STOPPED_AT,,EMPTY
1755104371000,3BEA62A24BDAFA46E063DC4D1FACC2EE,6406,115364823,49,39.7758674621582,-104.94252014160156,265.0,,STOPPED_AT,,MANY_SEATS_AVAILABLE
1755104371000,3BEA62A24BDCFA46E063DC4D1FACC2EE,6408,115365944,72,39.81268310546875,-105.12288665771484,90.0,,IN_TRANSIT_TO,,EMPTY
1755104371000,3BEA62A24BDEFA46E063DC4D1FACC2EE,6415,115374164,93L,39.862632751464844,-104.97776794433594,0.0,,IN_TRANSIT_TO,,EMPTY
1755104371000,3BEA62A24BDFFA46E063DC4D1FACC2EE,6501,115455678,31,39.75696563720703,-105.02513122558594,0.0,,IN_TRANSIT_TO,,MANY_SEATS_AVAILABLE
1755104371000,3BEA62A24BE1FA46E063DC4D1FACC2EE,6503,115455823,31,39.80271530151367,-105.02543640136719,180.0,,IN_TRANSIT_TO,,MANY_SEATS_AVAILABLE
1755104371000,3BEA62A24BE2FA46E063DC4D1FACC2EE,6504,115455776,31,39.73270034790039,-105.02528381347656,180.0,,IN_TRANSIT_TO,,EMPTY
1755104371000,3BEA62A24BE3FA46E063DC4D1FACC2EE,6505,115455746,31,39.75093460083008,-105.02532958984375,179.0,,IN_TRANSIT_TO,,EMPTY
1755104371000,3BEA62A24BE4FA46E063DC4D1FACC2EE,6506,115455690,31,39.80588150024414,-105.02511596679688,3.0,,IN_TRANSIT_TO,,EMPTY
1755104371000,3BEA62A24BE6FA46E063DC4D1FACC2EE,6508,115455800,31,39.67791748046875,-105.02523040771484,192.0,,STOPPED_AT,,EMPTY
1755104371000,3BEA62A24BE8FA46E063DC4D1FACC2EE,6510,115455811,31,39.81869888305664,-105.02529907226562,181.0,,IN_TRANSIT_TO,,EMPTY
1755104371000,3BEA62A24BE9FA46E063DC4D1FACC2EE,6511,115361208,29,39.62178421020508,-105.02638244628906,146.0,,IN_TRANSIT_TO,,EMPTY
1755104371000,3BEA62A24BEAFA46E063DC4D1FACC2EE,6512,115376565,73,39.706748962402344,-104.9034652709961,0.0,,IN_TRANSIT_TO,,EMPTY
1755104371000,3BEA62A24BECFA46E063DC4D1FACC2EE,6514,115455726,31,39.675018310546875,-105.02117919921875,88.0,,IN_TRANSIT_TO,,EMPTY
1755104371000,3BEA62A24BEEFA46E063DC4D1FACC2EE,6516,115376530,73,39.65738296508789,-104.88468170166016,1.0,,IN_TRANSIT_TO,,EMPTY
1755104371000,3BEA62A24BEFFA46E063DC4D1FACC2EE,6517,115455715,31,39.844482421875,-105.02473449707031,1.0,,IN_TRANSIT_TO,,MANY_SEATS_AVAILABLE
1755104371000,3BEA62A24BF1FA46E063DC4D1FACC2EE,6519,115361495,30,39.66590118408203,-105.08136749267578,3.0,,IN_TRANSIT_TO,,EMPTY
1755104371000,3BEA62A24BF2FA46E063DC4D1FACC2EE,6520,115362439,35,39.65285110473633,-104.91290283203125,359.0,,IN_TRANSIT_TO,,EMPTY
1755104371000,3BEA62A24BF4FA46E063DC4D1FACC2EE,6522,115362403,35,39.64873123168945,-104.91393280029297,272.0,,IN_TRANSIT_TO,,MANY_SEATS_AVAILABLE
1755104371000,3BEA62A24BF6FA46E063DC4D1FACC2EE,6524,115369699,LD3,39.908267974853516,-105.09318542480469,137.0,,STOPPED_AT,,EMPTY
1755104371000,3BEA62A24BFAFA46E063DC4D1FACC2EE,6528,115364977,51,39.77863311767578,-105.06253051757812,0.0,,IN_TRANSIT_TO,,MANY_SEATS_AVAILABLE
1755104371000,3BEA62A24BFBFA46E063DC4D1FACC2EE,6529,115373856,19,39.8564338684082,-105.00611877441406,179.0,,IN_TRANSIT_TO,,EMPTY
1755104371000,3BEA62A24BFCFA46E063DC4D1FACC2EE,6530,115367169,92,39.863548278808594,-105.0113296508789,270.0,,IN_TRANSIT_TO,,MANY_SEATS_AVAILABLE
1755104371000,3BEA62A24BFDFA46E063DC4D1FACC2EE,6531,115364394,46,39.71649932861328,-104.94871520996094,181.0,,STOPPED_AT,,EMPTY
1755104371000,3BEA62A24BFFFA46E063DC4D1FACC2EE,6533,115365429,6,39.70798110961914,-104.81849670410156,70.0,,STOPPED_AT,,EMPTY
1755104371000,3BEA62A24C03FA46E063DC4D1FACC2EE,6537,115367143,92,39.85955047607422,-104.95189666748047,299.0,,IN_TRANSIT_TO,,EMPTY
1755104371000,3BEA62A24C05FA46E063DC4D1FACC2EE,6539,115351084,100,39.814117431640625,-105.10253143310547,2.0,,IN_TRANSIT_TO,,EMPTY
1755104371000,3BEA62A24C06FA46E063DC4D1FACC2EE,6540,115351073,100,39.7258186340332,-105.11951446533203,179.0,,IN_TRANSIT_TO,,EMPTY
1755104371000,3BEA62A24C07FA46E063DC4D1FACC2EE,6541,115365956,72,39.79631805419922,-105.0801010131836,270.0,,IN_TRANSIT_TO,,MANY_SEATS_AVAILABLE
1755104371000,3BEA62A24C08FA46E063DC4D1FACC2EE,6542,115365128,52,39.713966369628906,-104.99238586425781,181.0,,IN_TRANSIT_TO,,EMPTY
1755104371000,3BEA62A24C09FA46E063DC4D1FACC2EE,6543,115361446,3,39.71963119506836,-105.12875366210938,97.0,,STOPPED_AT,,EMPTY
1755104371000,3BEA62A24C0AFA46E063DC4D1FACC2EE,6544,115366332,76,39.71836853027344,-105.0813980102539,0.0,,IN_TRANSIT_TO,,MANY_SEATS_AVAILABLE
1755104371000,3C3B1D0E7093412CE063DD4D1FAC3891,206,268,115384629,101D,39.74376678466797,-104.99674224853516,77.3,,STOPPED_AT,,
1755104371000,3C3B1D0E7094412CE063DD4D1FAC3891,223,329,115387036,107R,39.63795852661133,-104.88812255859375,57.5,,IN_TRANSIT_TO,,
1755104371000,3C3B1D0E7095412CE063DD4D1FAC3891,350,115387035,107R,39.74044418334961,-104.82696533203125,354.0,,STOPPED_AT,,
1755104371000,3C3B1D0E7096412CE063DD4D1FAC3891,111,131,115385012,101E,39.53794860839844,-104.87041473388672,216.8,,IN_TRANSIT_TO,,
1755104371000,3C3B1D0E7097412CE063DD4D1FAC3891,225,234,115386565,103W,39.741634368896484,-105.01084899902344,156.8,,STOPPED_AT,,
1755104371000,3C3B1D0E7098412CE063DD4D1FAC3891,242,344,115384574,101E,39.54018020629883,-104.86920166015625,359.32,,IN_TRANSIT_TO,,
1755104371000,3C3B1D0E70CA412CE063DD4D1FAC3891,245,307,115384988,101H,39.66794204711914,-104.8296127319336,21.4,,IN_TRANSIT_TO,,
1755104371000,3C3B1D0E70CB412CE063DD4D1FAC3891,115,145,115386534,103W,39.736595153808594,-105.0816650390625,89.2,,IN_TRANSIT_TO,,
1755104371000,3C3B1D0E70CC412CE063DD4D1FAC3891,210,347,115384957,101E,39.75707244873047,-105.00148010253906,30.0,,IN_TRANSIT_TO,,
1755104371000,3C3B1D0E70F1412CE063DD4D1FAC3891,114,124,115384744,101H,39.66286087036133,-104.83425903320312,226.7,,IN_TRANSIT_TO,,
1755104371000,3C3B1D0E70F2412CE063DD4D1FAC3891,118,149,115384745,101H,39.7302360534668,-105.00505828857422,342.0,,STOPPED_AT,,
1755104371000,3C3B1D0E70F3412CE063DD4D1FAC3891,112,140,115386563,103W,39.72511291503906,-105.15319061279297,266.3,,IN_TRANSIT_TO,,
1755104371000,3C3B1D0E70F4412CE063DD4D1FAC3891,221,247,115386524,103W,39.74345779418945,-105.01289367675781,276.0,,STOPPED_AT,,
1755104371000,3C3B1D0E70F6412CE063DD4D1FAC3891,237,295,115384659,101D,39.709964752197266,-104.99419403076172,334.7,,IN_TRANSIT_TO,,
1755104371000,3C3B1D0E70F7412CE063DD4D1FAC3891,129,148,115384767,101E,39.52068328857422,-104.8653564453125,26.4,,STOPPED_AT,,
1755104371000,3C3B1D0E70F8412CE063DD4D1FAC3891,104,119,115384769,101E,39.748844146728516,-105.00914001464844,57.1,,STOPPED_AT,,
1755104371000,3C3B1D0E70F9412CE063DD4D1FAC3891,325,330,348,115384768,101E,39.62788009643555,-104.90453338623047,335.8,,STOPPED_AT,,
1755104371000,3C3B1D0E70FA412CE063DD4D1FAC3891,215,346,115384588,101E,39.701202392578125,-104.9900131225586,350.0,,STOPPED_AT,,
1755104371000,3C3B1D0E712F412CE063DD4D1FAC3891,277,318,115384818,101D,39.65550231933594,-105.00003051757812,198.5,,STOPPED_AT,,
1755104371000,3C3B1D0E7130412CE063DD4D1FAC3891,205,243,341,115384631,101D,39.578041076660156,-105.02610778808594,201.2,,IN_TRANSIT_TO,,
1755104371000,3C3B1D0E7131412CE063DD4D1FAC3891,217,273,283,115384660,101D,39.58073425292969,-105.02469635009766,22.1,,STOPPED_AT,,
1755104371000,3C3B1D0E7132412CE063DD4D1FAC3891,105,115387346,109L,39.74604797363281,-104.99287414550781,223.1,,IN_TRANSIT_TO,,
1755104371000,3C3B1D0E715B412CE063DD4D1FAC3891,110,120,115384563,101H,39.667884826660156,-104.92662048339844,337.3,,IN_TRANSIT_TO,,
1755104371000,3C3B1D0E715C412CE063DD4D1FAC3891,1016,139,115384848,101D,39.74150466918945,-104.99920654296875,246.7,,IN_TRANSIT_TO,,
1755104371000,3C3B1D0E715D412CE063DD4D1FAC3891,233,291,115385011,101E,39.70024490356445,-104.9898681640625,157.4,,IN_TRANSIT_TO,,
1755104371000,3C3B1D0E718D412CE063DD4D1FAC3891,248,274,115384987,101H,39.74031448364258,-105.0023193359375,265.4,,STOPPED_AT,,
1755104371000,3C3B1D0E718E412CE063DD4D1FAC3891,342,345,115387070,107R,39.57882308959961,-104.87663269042969,148.4,,STOPPED_AT,,
1755104371000,3C3B1D0E718F412CE063DD4D1FAC3891,212,299,115386566,103W,39.736629486083984,-105.08720397949219,269.8,,IN_TRANSIT_TO,,
1755104371000,3C3B1D0E71B7412CE063DD4D1FAC3891,267,301,115384933,101H,39.74830627441406,-104.989990234375,225.8,,STOPPED_AT,,
1755104371000,3C3B1D0E71B8412CE063DD4D1FAC3891,284,286,289,115386536,103W,39.726566314697266,-105.20149993896484,300.0,,STOPPED_AT,,
1755104371000,3C3B1D0E71B9412CE063DD4D1FAC3891,331,336,115387071,107R,39.704017639160156,-104.81912994384766,212.8,,IN_TRANSIT_TO,,
1755104371000,3C3B1D0E71BA412CE063DD4D1FAC3891,351,115387345,109L,39.755374908447266,-104.97715759277344,44.9,,IN_TRANSIT_TO,,
1755104371000,3C3B1D0E71BB412CE063DD4D1FAC3891,117,144,115384606,101H,39.69159698486328,-104.82856750488281,0.0,,IN_TRANSIT_TO,,
1755104371000,3C3B1D0E71BD412CE063DD4D1FAC3891,116,136,115384946,101E,39.66610336303711,-104.92523956298828,144.6,,IN_TRANSIT_TO,,
1755104371000,3C3B1D0E71EE412CE063DD4D1FAC3891,257,271,115384794,101H,39.693912506103516,-104.97953796386719,139.2,,IN_TRANSIT_TO,,
1755104371000,3C3B1D0E71EF412CE063DD4D1FAC3891,232,239,115386568,103W,39.75529098510742,-105.00320434570312,211.7,,STOPPED_AT,,
1755104371000,3C3B1D0E71F0412CE063DD4D1FAC3891,113,146,115384630,101D,39.612674713134766,-105.01441955566406,23.9,,STOPPED_AT,,
1755104371000,3C3B1D0E71F1412CE063DD4D1FAC3891,335,337,115387072,107R,39.767330169677734,-104.8501968383789,95.0,,STOPPED_AT,,
1755104371000,3C3B1D0E71F3412CE063DD4D1FAC3891,286,115386527,103W,39.725040435791016,-105.15384674072266,89.9,,STOPPED_AT,,
1755104371000,3C3C539DE2050647E063DD4D1FACEC73,4047,4048,4059,4060,115367516,A,39.841793060302734,-104.67385864257812,0.0,,,,
1755104371000,3C3CF0F6A8FEE90DE063DD4D1FACB889,4041,4042,4061,4062,115367515,A,39.77170944213867,-104.90104675292969,0.0,,,,
1755104371000,3C3D112A27C9A578E063DD4D1FAC3632,4029,4030,115355434,113G,39.79278564453125,-105.11056518554688,0.0,,,,
1755104371000,3C3D5C3DC5374E33E063DD4D1FAC70A8,4009,4010,115367618,A,39.773109436035156,-104.95824432373047,180.0,,,,
1755104371000,3C3D75138821D44BE063DD4D1FACA842,4017,4018,115355464,113G,39.753963470458984,-105.00062561035156,0.0,,,,
1755104371000,3C3D75138B3CD44BE063DD4D1FACA842,4045,4046,4063,4064,115367592,A,39.75629806518555,-104.79401397705078,180.0,,,,
1755104371000,3C3D94F4C36D1E36E063DC4D1FAC531F,5114,115374628,DASH,40.013648986816406,-105.27845001220703,346.0,,IN_TRANSIT_TO,,
1755104371000,3C3DC3EEF28EC791E063DD4D1FACD44B,4011,4012,115355875,117N,39.82358932495117,-104.94277954101562,180.0,,,,
1755104371000,3C3DC3EEF34DC791E063DD4D1FACD44B,4015,4016,4049,4050,115367620,A,39.844146728515625,-104.67403411865234,180.0,,,,
1755104371000,3C3DE7B63D51A0C6E063DD4D1FACBF08,4055,4056,115355403,113G,39.79888153076172,-105.08061218261719,180.0,,,,
1755104371000,3C3E2F38A4F9302DE063DD4D1FAC5B5E,4053,4054,115355848,117N,39.9015007019043,-104.96037292480469,0.0,,,,
1755104371000,3C3E3D8E53518C83E063DD4D1FAC1370,4007,4008,4031,4032,115367566,A,39.82643508911133,-104.77881622314453,0.0,,,,
1755104371000,3C3E9E17B26706B0E063DD4D1FACBD05,4057,4058,115355849,117N,39.75879669189453,-104.9940185546875,0.0,,,,
1755104371000,3C3E9E17B34506B0E063DD4D1FACBD05,4053,4054,115367565,A,39.75420379638672,-104.9996337890625,0.0,,,,
1755104371000,3C3EFB1A39EEDD35E063DD4D1FAC3160,4063,4064,115355367,113B,39.77423858642578,-104.99698638916016,180.0,,,,
